event_id,match_id,rally_id,sequence,set,score_home,score_away,team,player,skill,outcome,evaluation,origin_zone,target_zone,timestamp,raw_code
827fdb97-25e9-4078-91bd-a4ae90ed9c00,6e7eeb39-c0dc-448d-b595-297a3041c17a,0868695d-9a92-41c3-bcb3-ca2614830514,4,1,0,0,1df68542-fd9a-4794-8afb-fd63936ae052,e3263dce-a0a0-4369-aa51-f13c6f577703,serve,neutral,neutral,,,1789429560859,[VISUAL] 1df68542-fd9a-4794-8afb-fd63936ae052 #08 serve neutral
460bd74f-800e-4282-90dd-097452c509e8,6e7eeb39-c0dc-448d-b595-297a3041c17a,0868695d-9a92-41c3-bcb3-ca2614830514,5,1,0,0,0b69626a-72f0-4763-b9d2-55451002d909,,reception,neutral,neutral,,,1789429565434,[VISUAL] 0b69626a-72f0-4763-b9d2-55451002d909 Sem atleta identificado reception neutral
8df87ef9-8f44-42c3-a062-5bd23ab0687b,6e7eeb39-c0dc-448d-b595-297a3041c17a,0868695d-9a92-41c3-bcb3-ca2614830514,6,1,0,0,0b69626a-72f0-4763-b9d2-55451002d909,,attack,point,excellent,,,1789429570319,[VISUAL] 0b69626a-72f0-4763-b9d2-55451002d909 Sem atleta identificado attack excellent
0d05bdba-8ad6-4683-8138-17401c3b5195,6e7eeb39-c0dc-448d-b595-297a3041c17a,3bf3334e-18e4-4692-86c9-1e42ad600e6a,9,1,0,1,0b69626a-72f0-4763-b9d2-55451002d909,257f0f7e-afe6-4e20-b7e3-aa6892cea46e,serve,neutral,neutral,,,1789429593458,[VISUAL] 0b69626a-72f0-4763-b9d2-55451002d909 #08 serve neutral
cb21d024-4692-40b4-b799-697036c1a971,6e7eeb39-c0dc-448d-b595-297a3041c17a,3bf3334e-18e4-4692-86c9-1e42ad600e6a,10,1,0,1,1df68542-fd9a-4794-8afb-fd63936ae052,,reception,neutral,neutral,,,1789429596431,[VISUAL] 1df68542-fd9a-4794-8afb-fd63936ae052 Sem atleta identificado reception neutral
bd910b8d-9ba9-432b-853b-c936b1666df8,6e7eeb39-c0dc-448d-b595-297a3041c17a,3bf3334e-18e4-4692-86c9-1e42ad600e6a,11,1,0,1,1df68542-fd9a-4794-8afb-fd63936ae052,,attack,point,excellent,,,1789429605833,[VISUAL] 1df68542-fd9a-4794-8afb-fd63936ae052 Sem atleta identificado attack excellent
6040c248-a3f9-4372-aa02-2e104888638c,6e7eeb39-c0dc-448d-b595-297a3041c17a,25c5b338-2f21-478e-9f71-ec878d708e39,14,1,1,1,1df68542-fd9a-4794-8afb-fd63936ae052,65444b38-1d8f-461b-a523-d3af39b2ead2,serve,neutral,neutral,,,1789429624969,[VISUAL] 1df68542-fd9a-4794-8afb-fd63936ae052 #01 serve neutral
18bbc510-3e31-49b8-ae73-eb101aa9f23d,6e7eeb39-c0dc-448d-b595-297a3041c17a,25c5b338-2f21-478e-9f71-ec878d708e39,15,1,1,1,0b69626a-72f0-4763-b9d2-55451002d909,,reception,neutral,neutral,,,1789429628967,[VISUAL] 0b69626a-72f0-4763-b9d2-55451002d909 Sem atleta identificado reception neutral
1b219132-9ddd-41c5-9732-dec4c3fd41f2,6e7eeb39-c0dc-448d-b595-297a3041c17a,25c5b338-2f21-478e-9f71-ec878d708e39,18,1,1,1,0b69626a-72f0-4763-b9d2-55451002d909,,attack,point,excellent,,,1789429642138,[VISUAL] 0b69626a-72f0-4763-b9d2-55451002d909 Sem atleta identificado attack excellent
ae1ba58d-b40c-44dc-a9cc-2fea957b2626,6e7eeb39-c0dc-448d-b595-297a3041c17a,5ea0a019-b3f9-404b-ac7e-667433027dd2,21,1,1,2,0b69626a-72f0-4763-b9d2-55451002d909,95139c21-030c-424b-b994-3a1ec5c08fd4,serve,error,error,,,1789429660364,[VISUAL] 0b69626a-72f0-4763-b9d2-55451002d909 #09 serve error
21e146fa-2af5-43b3-bd42-d109048ec7a9,6e7eeb39-c0dc-448d-b595-297a3041c17a,935411b1-4659-4a0f-94df-ccc9d5a62517,24,1,2,2,1df68542-fd9a-4794-8afb-fd63936ae052,18e1ff26-1fa6-48ba-84b1-cb8bf9fd3b50,serve,neutral,neutral,,,1789429683459,[VISUAL] 1df68542-fd9a-4794-8afb-fd63936ae052 #02 serve neutral
260a9663-c6a7-422f-ad9d-f0888ee1ecef,6e7eeb39-c0dc-448d-b595-297a3041c17a,935411b1-4659-4a0f-94df-ccc9d5a62517,25,1,2,2,0b69626a-72f0-4763-b9d2-55451002d909,,reception,neutral,neutral,,,1789429685425,[VISUAL] 0b69626a-72f0-4763-b9d2-55451002d909 Sem atleta identificado reception neutral
de0434c4-914f-4e66-9213-0aaff5d11005,6e7eeb39-c0dc-448d-b595-297a3041c17a,935411b1-4659-4a0f-94df-ccc9d5a62517,28,1,2,2,0b69626a-72f0-4763-b9d2-55451002d909,,attack,point,excellent,,,1789429699934,[VISUAL] 0b69626a-72f0-4763-b9d2-55451002d909 Sem atleta identificado attack excellent
9a6e94b8-93e2-4c5a-affe-2c720f4f9389,6e7eeb39-c0dc-448d-b595-297a3041c17a,d948fdf6-b78f-4962-9444-864755e30795,31,1,2,3,0b69626a-72f0-4763-b9d2-55451002d909,5cb32d40-5748-4320-bfbe-869cebd5dded,serve,error,error,,,1789429713830,[VISUAL] 0b69626a-72f0-4763-b9d2-55451002d909 #10 serve error
beb01d85-72ac-4634-9428-9f8b9cb36603,6e7eeb39-c0dc-448d-b595-297a3041c17a,4d4b5111-ed72-433d-9da7-a9b8c26f029e,34,1,3,3,1df68542-fd9a-4794-8afb-fd63936ae052,5338990d-a94c-414b-9fbc-bd273efd5aa5,serve,neutral,neutral,,,1789429744888,[VISUAL] 1df68542-fd9a-4794-8afb-fd63936ae052 #14 serve neutral
72fcc0d6-19e5-4d53-b657-73d63728f1ef,6e7eeb39-c0dc-448d-b595-297a3041c17a,4d4b5111-ed72-433d-9da7-a9b8c26f029e,35,1,3,3,0b69626a-72f0-4763-b9d2-55451002d909,,reception,neutral,neutral,,,1789429748168,[VISUAL] 0b69626a-72f0-4763-b9d2-55451002d909 Sem atleta identificado reception neutral
206d4664-3511-4e8f-b64b-2388649d53e6,6e7eeb39-c0dc-448d-b595-297a3041c17a,4d4b5111-ed72-433d-9da7-a9b8c26f029e,36,1,3,3,0b69626a-72f0-4763-b9d2-55451002d909,,attack,neutral,neutral,,,1789429750074,[VISUAL] 0b69626a-72f0-4763-b9d2-55451002d909 Sem atleta identificado attack neutral
670ce097-fd3f-4da3-b632-b9fd6c10137b,6e7eeb39-c0dc-448d-b595-297a3041c17a,4d4b5111-ed72-433d-9da7-a9b8c26f029e,37,1,3,3,1df68542-fd9a-4794-8afb-fd63936ae052,,dig,neutral,neutral,,,1789429753200,[VISUAL] 1df68542-fd9a-4794-8afb-fd63936ae052 Sem atleta identificado dig neutral
317ebde1-890d-4927-b3e3-636fbafc1084,6e7eeb39-c0dc-448d-b595-297a3041c17a,4d4b5111-ed72-433d-9da7-a9b8c26f029e,38,1,3,3,1df68542-fd9a-4794-8afb-fd63936ae052,58f544c9-518f-4c43-9b58-2e710e3dd9d3,attack,error,error,,,1789429781377,[VISUAL] 1df68542-fd9a-4794-8afb-fd63936ae052 #03 attack error
14d780e1-fba3-4641-8d71-a2e9531a8107,6e7eeb39-c0dc-448d-b595-297a3041c17a,cd26f237-beb2-43c6-9562-7ef9326b305b,41,1,3,4,0b69626a-72f0-4763-b9d2-55451002d909,175252b9-d4c9-4bca-9f45-b463b3672131,serve,ace,excellent,,,1789429787312,[VISUAL] 0b69626a-72f0-4763-b9d2-55451002d909 #11 serve excellent
da6bdb16-02a1-4adf-9d81-b5824e0ab59b,6e7eeb39-c0dc-448d-b595-297a3041c17a,9f71cdef-f71a-480e-b414-74db70b25d57,44,1,3,5,0b69626a-72f0-4763-b9d2-55451002d909,175252b9-d4c9-4bca-9f45-b463b3672131,serve,neutral,neutral,,,1789429795965,[VISUAL] 0b69626a-72f0-4763-b9d2-55451002d909 #11 serve neutral
5547c99d-96f4-40c9-a55d-28939d83691f,6e7eeb39-c0dc-448d-b595-297a3041c17a,9f71cdef-f71a-480e-b414-74db70b25d57,45,1,3,5,1df68542-fd9a-4794-8afb-fd63936ae052,,reception,neutral,neutral,,,1789429798184,[VISUAL] 1df68542-fd9a-4794-8afb-fd63936ae052 Sem atleta identificado reception neutral
f8d458c4-6462-47da-aa58-212116c6acf3,6e7eeb39-c0dc-448d-b595-297a3041c17a,9f71cdef-f71a-480e-b414-74db70b25d57,46,1,3,5,1df68542-fd9a-4794-8afb-fd63936ae052,74d321c7-d2cd-4467-8755-d401df25fc73,attack,point,excellent,,,1789429807195,[VISUAL] 1df68542-fd9a-4794-8afb-fd63936ae052 #05 attack excellent
90c5db68-950d-4f81-b05d-492e794efe4a,6e7eeb39-c0dc-448d-b595-297a3041c17a,440bc4c5-5adc-4223-9ffb-63dab6cfa74a,49,1,4,5,1df68542-fd9a-4794-8afb-fd63936ae052,58f544c9-518f-4c43-9b58-2e710e3dd9d3,serve,neutral,neutral,,,1789429825008,[VISUAL] 1df68542-fd9a-4794-8afb-fd63936ae052 #03 serve neutral
4adbfbf1-9872-4dd2-939c-74696cb70daf,6e7eeb39-c0dc-448d-b595-297a3041c17a,440bc4c5-5adc-4223-9ffb-63dab6cfa74a,50,1,4,5,0b69626a-72f0-4763-b9d2-55451002d909,,reception,neutral,neutral,,,1789429827358,[VISUAL] 0b69626a-72f0-4763-b9d2-55451002d909 Sem atleta identificado reception neutral
c87b406b-6227-4492-9009-6c1d9fd9a19b,6e7eeb39-c0dc-448d-b595-297a3041c17a,440bc4c5-5adc-4223-9ffb-63dab6cfa74a,51,1,4,5,0b69626a-72f0-4763-b9d2-55451002d909,,attack,neutral,neutral,,,1789429831599,[VISUAL] 0b69626a-72f0-4763-b9d2-55451002d909 Sem atleta identificado attack neutral
d8002e4f-708f-467a-85b5-84767de42db4,6e7eeb39-c0dc-448d-b595-297a3041c17a,440bc4c5-5adc-4223-9ffb-63dab6cfa74a,52,1,4,5,1df68542-fd9a-4794-8afb-fd63936ae052,,dig,neutral,neutral,,,1789429834209,[VISUAL] 1df68542-fd9a-4794-8afb-fd63936ae052 Sem atleta identificado dig neutral
32269d8b-5db8-4146-98b6-65ed8cdd39a2,6e7eeb39-c0dc-448d-b595-297a3041c17a,440bc4c5-5adc-4223-9ffb-63dab6cfa74a,55,1,4,5,1df68542-fd9a-4794-8afb-fd63936ae052,,attack,point,excellent,,,1789429849850,[VISUAL] 1df68542-fd9a-4794-8afb-fd63936ae052 Sem atleta identificado attack excellent
a23c470b-9fed-4cab-aba4-6ff65379a976,6e7eeb39-c0dc-448d-b595-297a3041c17a,8abca198-e761-4130-80ad-e25db3b76ad3,58,1,5,5,1df68542-fd9a-4794-8afb-fd63936ae052,58f544c9-518f-4c43-9b58-2e710e3dd9d3,serve,neutral,neutral,,,1789429857294,[VISUAL] 1df68542-fd9a-4794-8afb-fd63936ae052 #03 serve neutral
88e9e544-7710-4543-8d34-ea9ca52d00a0,6e7eeb39-c0dc-448d-b595-297a3041c17a,8abca198-e761-4130-80ad-e25db3b76ad3,59,1,5,5,0b69626a-72f0-4763-b9d2-55451002d909,,reception,neutral,neutral,,,1789429858763,[VISUAL] 0b69626a-72f0-4763-b9d2-55451002d909 Sem atleta identificado reception neutral
e5b1fb75-60b7-4cb3-abf5-edb4149e603f,6e7eeb39-c0dc-448d-b595-297a3041c17a,8abca198-e761-4130-80ad-e25db3b76ad3,60,1,5,5,0b69626a-72f0-4763-b9d2-55451002d909,,attack,point,excellent,,,1789429864369,[VISUAL] 0b69626a-72f0-4763-b9d2-55451002d909 Sem atleta identificado attack excellent
ef67f114-b3d9-479c-8ffb-8df27be7b603,6e7eeb39-c0dc-448d-b595-297a3041c17a,2633256c-e73c-466d-a221-8a2ada1910ab,63,1,5,6,0b69626a-72f0-4763-b9d2-55451002d909,141fcf47-32ca-41c8-a4cd-1e0edf878ace,serve,error,error,,,1789429878109,[VISUAL] 0b69626a-72f0-4763-b9d2-55451002d909 #12 serve error
260951b7-90fe-42a7-9881-0a1b978e7240,6e7eeb39-c0dc-448d-b595-297a3041c17a,5b5cef08-6314-41ac-9fc8-6581bb0e5bf3,66,1,6,6,1df68542-fd9a-4794-8afb-fd63936ae052,74d321c7-d2cd-4467-8755-d401df25fc73,serve,neutral,neutral,,,1789429905312,[VISUAL] 1df68542-fd9a-4794-8afb-fd63936ae052 #05 serve neutral
dea754fe-5a9c-4171-ab35-935e7402d095,6e7eeb39-c0dc-448d-b595-297a3041c17a,5b5cef08-6314-41ac-9fc8-6581bb0e5bf3,67,1,6,6,0b69626a-72f0-4763-b9d2-55451002d909,,reception,neutral,neutral,,,1789429907239,[VISUAL] 0b69626a-72f0-4763-b9d2-55451002d909 Sem atleta identificado reception neutral
b92c62db-50cc-4a21-b667-533791ea721b,6e7eeb39-c0dc-448d-b595-297a3041c17a,5b5cef08-6314-41ac-9fc8-6581bb0e5bf3,68,1,6,6,0b69626a-72f0-4763-b9d2-55451002d909,,attack,point,excellent,,,1789429914620,[VISUAL] 0b69626a-72f0-4763-b9d2-55451002d909 Sem atleta identificado attack excellent
877f7d0e-1512-48eb-8135-1d3859f009b1,6e7eeb39-c0dc-448d-b595-297a3041c17a,b3e6775b-cf0d-42e5-95da-40d2fb198b83,71,1,6,7,0b69626a-72f0-4763-b9d2-55451002d909,b5e5787b-9078-4f5a-b5f5-c6c37faef7ba,serve,neutral,neutral,,,1789429935272,[VISUAL] 0b69626a-72f0-4763-b9d2-55451002d909 #07 serve neutral
86925ff9-c02a-4bd0-bc3f-00021adf647e,6e7eeb39-c0dc-448d-b595-297a3041c17a,b3e6775b-cf0d-42e5-95da-40d2fb198b83,72,1,6,7,1df68542-fd9a-4794-8afb-fd63936ae052,,reception,neutral,neutral,,,1789429938080,[VISUAL] 1df68542-fd9a-4794-8afb-fd63936ae052 Sem atleta identificado reception neutral
00d5652a-c1e4-42a7-a68a-8760cbf3efc3,6e7eeb39-c0dc-448d-b595-297a3041c17a,b3e6775b-cf0d-42e5-95da-40d2fb198b83,77,1,6,7,1df68542-fd9a-4794-8afb-fd63936ae052,65444b38-1d8f-461b-a523-d3af39b2ead2,attack,point,excellent,,,1789429974013,[VISUAL] 1df68542-fd9a-4794-8afb-fd63936ae052 #01 attack excellent
7e6cf04a-29bf-4554-bbab-c63bd0d178dd,6e7eeb39-c0dc-448d-b595-297a3041c17a,b71cffdb-b7c5-4aeb-a4cd-e970d044e45d,80,1,7,7,1df68542-fd9a-4794-8afb-fd63936ae052,e3263dce-a0a0-4369-aa51-f13c6f577703,serve,neutral,neutral,,,1789429984154,[VISUAL] 1df68542-fd9a-4794-8afb-fd63936ae052 #08 serve neutral
46025bf8-ba2f-4704-ae3c-de48d03121d9,6e7eeb39-c0dc-448d-b595-297a3041c17a,b71cffdb-b7c5-4aeb-a4cd-e970d044e45d,81,1,7,7,0b69626a-72f0-4763-b9d2-55451002d909,,reception,neutral,neutral,,,1789429986148,[VISUAL] 0b69626a-72f0-4763-b9d2-55451002d909 Sem atleta identificado reception neutral
bd413238-be1c-4e7f-b6d4-2085d7f63754,6e7eeb39-c0dc-448d-b595-297a3041c17a,b71cffdb-b7c5-4aeb-a4cd-e970d044e45d,82,1,7,7,0b69626a-72f0-4763-b9d2-55451002d909,,attack,point,excellent,,,1789429990606,[VISUAL] 0b69626a-72f0-4763-b9d2-55451002d909 Sem atleta identificado attack excellent
7c69588f-4425-4bbb-8b4e-0469b33eb60a,6e7eeb39-c0dc-448d-b595-297a3041c17a,48fa6601-7c34-43a9-8afa-f03a61be52c8,85,1,7,8,0b69626a-72f0-4763-b9d2-55451002d909,257f0f7e-afe6-4e20-b7e3-aa6892cea46e,serve,error,error,,,1789430034957,[VISUAL] 0b69626a-72f0-4763-b9d2-55451002d909 #08 serve error
21360ff2-9933-47c1-8ed8-681da586d1d3,6e7eeb39-c0dc-448d-b595-297a3041c17a,83e189e6-e6b0-4996-8487-d2e0d7767520,88,1,8,8,1df68542-fd9a-4794-8afb-fd63936ae052,65444b38-1d8f-461b-a523-d3af39b2ead2,serve,error,error,,,1789430059526,[VISUAL] 1df68542-fd9a-4794-8afb-fd63936ae052 #01 serve error
7f91a246-726c-40be-ac50-4708a99a7d90,6e7eeb39-c0dc-448d-b595-297a3041c17a,a3c0f0b0-26fb-431c-b6a7-f94bb4d2dc58,91,1,8,9,0b69626a-72f0-4763-b9d2-55451002d909,95139c21-030c-424b-b994-3a1ec5c08fd4,serve,neutral,neutral,,,1789430080126,[VISUAL] 0b69626a-72f0-4763-b9d2-55451002d909 #09 serve neutral
5fb4d97c-a5c6-4b5b-b759-9a292601fd60,6e7eeb39-c0dc-448d-b595-297a3041c17a,a3c0f0b0-26fb-431c-b6a7-f94bb4d2dc58,92,1,8,9,1df68542-fd9a-4794-8afb-fd63936ae052,65444b38-1d8f-461b-a523-d3af39b2ead2,reception,neutral,neutral,,,1789430083736,[VISUAL] 1df68542-fd9a-4794-8afb-fd63936ae052 #01 reception neutral
d4a56a72-f4f5-4cc9-b413-97e1667bbbad,6e7eeb39-c0dc-448d-b595-297a3041c17a,a3c0f0b0-26fb-431c-b6a7-f94bb4d2dc58,93,1,8,9,1df68542-fd9a-4794-8afb-fd63936ae052,58f544c9-518f-4c43-9b58-2e710e3dd9d3,attack,error,error,,,1789430090998,[VISUAL] 1df68542-fd9a-4794-8afb-fd63936ae052 #03 attack error
34067bc7-1437-432d-b6f1-3d554e197e68,6e7eeb39-c0dc-448d-b595-297a3041c17a,6d0ea0a4-5a57-4cf8-b9d2-c6e7ac684e25,96,1,8,10,0b69626a-72f0-4763-b9d2-55451002d909,95139c21-030c-424b-b994-3a1ec5c08fd4,serve,error,error,,,1789430101289,[VISUAL] 0b69626a-72f0-4763-b9d2-55451002d909 #09 serve error
35e0eafd-00bf-45be-b66e-2472c3428669,6e7eeb39-c0dc-448d-b595-297a3041c17a,b42d23a9-c849-43c5-bc4f-4b262ef97f7e,99,1,9,10,1df68542-fd9a-4794-8afb-fd63936ae052,18e1ff26-1fa6-48ba-84b1-cb8bf9fd3b50,serve,error,error,,,1789430122596,[VISUAL] 1df68542-fd9a-4794-8afb-fd63936ae052 #02 serve error
27e8c509-942b-416d-af8b-e107e843a40a,6e7eeb39-c0dc-448d-b595-297a3041c17a,68dbc96b-3a5c-4730-bb82-cfad0e648146,102,1,9,11,0b69626a-72f0-4763-b9d2-55451002d909,5cb32d40-5748-4320-bfbe-869cebd5dded,serve,neutral,neutral,,,1789430143771,[VISUAL] 0b69626a-72f0-4763-b9d2-55451002d909 #10 serve neutral
74d8f729-f564-4589-b367-240861603095,6e7eeb39-c0dc-448d-b595-297a3041c17a,68dbc96b-3a5c-4730-bb82-cfad0e648146,103,1,9,11,1df68542-fd9a-4794-8afb-fd63936ae052,,reception,neutral,neutral,,,1789430145382,[VISUAL] 1df68542-fd9a-4794-8afb-fd63936ae052 Sem atleta identificado reception neutral
33a88e67-14e5-45fd-971d-7cb0094d9aa0,6e7eeb39-c0dc-448d-b595-297a3041c17a,68dbc96b-3a5c-4730-bb82-cfad0e648146,104,1,9,11,1df68542-fd9a-4794-8afb-fd63936ae052,74d321c7-d2cd-4467-8755-d401df25fc73,attack,point,excellent,,,1789430152565,[VISUAL] 1df68542-fd9a-4794-8afb-fd63936ae052 #05 attack excellent
fd5690ac-32f9-4bd6-8594-c7e867cf20d3,6e7eeb39-c0dc-448d-b595-297a3041c17a,9937e831-f957-4d53-b1ef-7481b2c2ddfd,107,1,10,11,1df68542-fd9a-4794-8afb-fd63936ae052,5338990d-a94c-414b-9fbc-bd273efd5aa5,serve,neutral,neutral,,,1789430166863,[VISUAL] 1df68542-fd9a-4794-8afb-fd63936ae052 #14 serve neutral
4910ff83-e729-4efb-bce6-a9db31159608,6e7eeb39-c0dc-448d-b595-297a3041c17a,9937e831-f957-4d53-b1ef-7481b2c2ddfd,108,1,10,11,0b69626a-72f0-4763-b9d2-55451002d909,,reception,neutral,neutral,,,1789430169602,[VISUAL] 0b69626a-72f0-4763-b9d2-55451002d909 Sem atleta identificado reception neutral
d5fb8c20-9f1a-45ec-939c-e366d4dfd16a,6e7eeb39-c0dc-448d-b595-297a3041c17a,9937e831-f957-4d53-b1ef-7481b2c2ddfd,111,1,10,11,0b69626a-72f0-4763-b9d2-55451002d909,,attack,point,excellent,,,1789430180304,[VISUAL] 0b69626a-72f0-4763-b9d2-55451002d909 Sem atleta identificado attack excellent
e8a4e799-32e3-42b8-aec0-6fd8d161ff9e,6e7eeb39-c0dc-448d-b595-297a3041c17a,2acfd38c-aba4-4443-8d8d-c724765a8a59,115,1,10,13,0b69626a-72f0-4763-b9d2-55451002d909,175252b9-d4c9-4bca-9f45-b463b3672131,serve,error,error,,,1789430224037,[VISUAL] 0b69626a-72f0-4763-b9d2-55451002d909 #11 serve error
3b6bbfd1-f1f3-4c10-86b2-3a0b0318cdf2,6e7eeb39-c0dc-448d-b595-297a3041c17a,083c7607-cd89-43ba-ad4d-c20dc7dbae9b,118,1,11,13,1df68542-fd9a-4794-8afb-fd63936ae052,58f544c9-518f-4c43-9b58-2e710e3dd9d3,serve,error,error,,,1789430244817,[VISUAL] 1df68542-fd9a-4794-8afb-fd63936ae052 #03 serve error
ce811af0-645e-422d-952e-d2dcbc6e7a71,6e7eeb39-c0dc-448d-b595-297a3041c17a,da8d8344-9606-4c86-8947-3fa4a690ce06,121,1,11,14,0b69626a-72f0-4763-b9d2-55451002d909,141fcf47-32ca-41c8-a4cd-1e0edf878ace,serve,neutral,neutral,,,1789430270720,[VISUAL] 0b69626a-72f0-4763-b9d2-55451002d909 #12 serve neutral
3cd2fb07-dccd-4cfe-aad5-d710aef423ab,6e7eeb39-c0dc-448d-b595-297a3041c17a,da8d8344-9606-4c86-8947-3fa4a690ce06,122,1,11,14,1df68542-fd9a-4794-8afb-fd63936ae052,,reception,neutral,neutral,,,1789430272527,[VISUAL] 1df68542-fd9a-4794-8afb-fd63936ae052 Sem atleta identificado reception neutral
8a9cd368-3b6a-458e-a79d-26594a10f2dd,6e7eeb39-c0dc-448d-b595-297a3041c17a,da8d8344-9606-4c86-8947-3fa4a690ce06,125,1,11,14,1df68542-fd9a-4794-8afb-fd63936ae052,65444b38-1d8f-461b-a523-d3af39b2ead2,attack,point,excellent,,,1789430285217,[VISUAL] 1df68542-fd9a-4794-8afb-fd63936ae052 #01 attack excellent
fce48136-205c-4019-82af-ce5cc86e24af,6e7eeb39-c0dc-448d-b595-297a3041c17a,cb3de5e5-b4ae-4232-a058-46fb0170d691,128,1,12,14,1df68542-fd9a-4794-8afb-fd63936ae052,74d321c7-d2cd-4467-8755-d401df25fc73,serve,neutral,neutral,,,1789430299080,[VISUAL] 1df68542-fd9a-4794-8afb-fd63936ae052 #05 serve neutral
f6a1cc96-1b5a-43e1-81b4-ea43da3c7cf0,6e7eeb39-c0dc-448d-b595-297a3041c17a,cb3de5e5-b4ae-4232-a058-46fb0170d691,129,1,12,14,0b69626a-72f0-4763-b9d2-55451002d909,,reception,neutral,neutral,,,1789430301705,[VISUAL] 0b69626a-72f0-4763-b9d2-55451002d909 Sem atleta identificado reception neutral
44906f65-6eef-4177-ab77-7142480f523f,6e7eeb39-c0dc-448d-b595-297a3041c17a,cb3de5e5-b4ae-4232-a058-46fb0170d691,130,1,12,14,0b69626a-72f0-4763-b9d2-55451002d909,,attack,point,excellent,,,1789430306502,[VISUAL] 0b69626a-72f0-4763-b9d2-55451002d909 Sem atleta identificado attack excellent
aae87501-6e88-4b4c-870b-952499ec9f5a,6e7eeb39-c0dc-448d-b595-297a3041c17a,ce2c1da9-5e9a-4fe3-b789-d1d909fc633f,133,1,12,15,0b69626a-72f0-4763-b9d2-55451002d909,b5e5787b-9078-4f5a-b5f5-c6c37faef7ba,serve,neutral,neutral,,,1789430332317,[VISUAL] 0b69626a-72f0-4763-b9d2-55451002d909 #07 serve neutral
7aeddd3e-39ba-4e94-9aff-aca93a691d69,6e7eeb39-c0dc-448d-b595-297a3041c17a,ce2c1da9-5e9a-4fe3-b789-d1d909fc633f,134,1,12,15,1df68542-fd9a-4794-8afb-fd63936ae052,,reception,neutral,neutral,,,1789430335146,[VISUAL] 1df68542-fd9a-4794-8afb-fd63936ae052 Sem atleta identificado reception neutral
f89e9cc2-b4dc-465a-acb6-77a27570bf06,6e7eeb39-c0dc-448d-b595-297a3041c17a,ce2c1da9-5e9a-4fe3-b789-d1d909fc633f,135,1,12,15,1df68542-fd9a-4794-8afb-fd63936ae052,,attack,neutral,neutral,,,1789430338608,[VISUAL] 1df68542-fd9a-4794-8afb-fd63936ae052 Sem atleta identificado attack neutral
0fc3680f-7539-419d-8f28-123ccb5e7951,6e7eeb39-c0dc-448d-b595-297a3041c17a,ce2c1da9-5e9a-4fe3-b789-d1d909fc633f,136,1,12,15,0b69626a-72f0-4763-b9d2-55451002d909,,free_ball,neutral,neutral,,,1789430342355,[VISUAL] 0b69626a-72f0-4763-b9d2-55451002d909 Sem atleta identificado free_ball neutral
fd83ccb2-d953-49a8-ab1c-aaddeb24bcfb,6e7eeb39-c0dc-448d-b595-297a3041c17a,ce2c1da9-5e9a-4fe3-b789-d1d909fc633f,137,1,12,15,1df68542-fd9a-4794-8afb-fd63936ae052,,free_ball,neutral,neutral,,,1789430347588,[VISUAL] 1df68542-fd9a-4794-8afb-fd63936ae052 Sem atleta identificado free_ball neutral
15ec9b79-8595-4e25-a6d4-57725428f216,6e7eeb39-c0dc-448d-b595-297a3041c17a,ce2c1da9-5e9a-4fe3-b789-d1d909fc633f,138,1,12,15,0b69626a-72f0-4763-b9d2-55451002d909,,dig,neutral,neutral,,,1789430350466,[VISUAL] 0b69626a-72f0-4763-b9d2-55451002d909 Sem atleta identificado dig neutral
c81afaad-8c87-41fe-9a13-1179bb361b28,6e7eeb39-c0dc-448d-b595-297a3041c17a,ce2c1da9-5e9a-4fe3-b789-d1d909fc633f,139,1,12,15,0b69626a-72f0-4763-b9d2-55451002d909,,attack,error,error,,,1789430355524,[VISUAL] 0b69626a-72f0-4763-b9d2-55451002d909 Sem atleta identificado attack error
e004b30d-2980-4027-8cae-3cf05bcc24b9,6e7eeb39-c0dc-448d-b595-297a3041c17a,44eeff2e-c2e3-4189-8385-9115a1da24d5,142,1,13,15,1df68542-fd9a-4794-8afb-fd63936ae052,e3263dce-a0a0-4369-aa51-f13c6f577703,serve,neutral,neutral,,,1789430384680,[VISUAL] 1df68542-fd9a-4794-8afb-fd63936ae052 #08 serve neutral
098158d2-0f0c-45ff-a8dc-b8e56bb22a54,6e7eeb39-c0dc-448d-b595-297a3041c17a,44eeff2e-c2e3-4189-8385-9115a1da24d5,143,1,13,15,0b69626a-72f0-4763-b9d2-55451002d909,,reception,neutral,neutral,,,1789430386726,[VISUAL] 0b69626a-72f0-4763-b9d2-55451002d909 Sem atleta identificado reception neutral
71f0524d-5415-4488-a60a-3d2d8c18ef54,6e7eeb39-c0dc-448d-b595-297a3041c17a,44eeff2e-c2e3-4189-8385-9115a1da24d5,144,1,13,15,0b69626a-72f0-4763-b9d2-55451002d909,,attack,neutral,neutral,,,1789430390827,[VISUAL] 0b69626a-72f0-4763-b9d2-55451002d909 Sem atleta identificado attack neutral
d1311b53-b68a-4ead-8b78-61483b04a684,6e7eeb39-c0dc-448d-b595-297a3041c17a,44eeff2e-c2e3-4189-8385-9115a1da24d5,145,1,13,15,1df68542-fd9a-4794-8afb-fd63936ae052,,dig,neutral,neutral,,,1789430392983,[VISUAL] 1df68542-fd9a-4794-8afb-fd63936ae052 Sem atleta identificado dig neutral
17de1000-2ebb-44b8-9b84-35d507f48380,6e7eeb39-c0dc-448d-b595-297a3041c17a,44eeff2e-c2e3-4189-8385-9115a1da24d5,146,1,13,15,1df68542-fd9a-4794-8afb-fd63936ae052,,attack,neutral,neutral,,,1789430394325,[VISUAL] 1df68542-fd9a-4794-8afb-fd63936ae052 Sem atleta identificado attack neutral
de2f0881-cf8e-49d9-bd8b-274c5c6cf1fc,6e7eeb39-c0dc-448d-b595-297a3041c17a,44eeff2e-c2e3-4189-8385-9115a1da24d5,147,1,13,15,0b69626a-72f0-4763-b9d2-55451002d909,,dig,neutral,neutral,,,1789430395640,[VISUAL] 0b69626a-72f0-4763-b9d2-55451002d909 Sem atleta identificado dig neutral
4430127b-dd39-49f2-82b8-1bf5431a69f6,6e7eeb39-c0dc-448d-b595-297a3041c17a,44eeff2e-c2e3-4189-8385-9115a1da24d5,148,1,13,15,0b69626a-72f0-4763-b9d2-55451002d909,,attack,point,excellent,,,1789430400541,[VISUAL] 0b69626a-72f0-4763-b9d2-55451002d909 Sem atleta identificado attack excellent
6f501d1a-5a62-419a-b4bc-9e8a19156459,6e7eeb39-c0dc-448d-b595-297a3041c17a,bacade70-0e87-4757-a202-80319e6bb013,152,1,13,17,0b69626a-72f0-4763-b9d2-55451002d909,257f0f7e-afe6-4e20-b7e3-aa6892cea46e,serve,neutral,neutral,,,1789430485579,[VISUAL] 0b69626a-72f0-4763-b9d2-55451002d909 #08 serve neutral
fc69c82b-26b2-4771-8c46-f7b9b3eae095,6e7eeb39-c0dc-448d-b595-297a3041c17a,bacade70-0e87-4757-a202-80319e6bb013,153,1,13,17,1df68542-fd9a-4794-8afb-fd63936ae052,58f544c9-518f-4c43-9b58-2e710e3dd9d3,reception,neutral,neutral,,,1789430489158,[VISUAL] 1df68542-fd9a-4794-8afb-fd63936ae052 #03 reception neutral
644a651a-231a-4b70-a4b2-cdc5b44205b5,6e7eeb39-c0dc-448d-b595-297a3041c17a,bacade70-0e87-4757-a202-80319e6bb013,154,1,13,17,1df68542-fd9a-4794-8afb-fd63936ae052,65444b38-1d8f-461b-a523-d3af39b2ead2,attack,point,excellent,,,1789430495628,[VISUAL] 1df68542-fd9a-4794-8afb-fd63936ae052 #01 attack excellent
fe399485-9ca2-4a52-88a0-e17c1b8560fc,6e7eeb39-c0dc-448d-b595-297a3041c17a,684fe452-1524-459c-a4be-18fe9ba17549,157,1,14,17,1df68542-fd9a-4794-8afb-fd63936ae052,65444b38-1d8f-461b-a523-d3af39b2ead2,serve,neutral,neutral,,,1789430516501,[VISUAL] 1df68542-fd9a-4794-8afb-fd63936ae052 #01 serve neutral
74264fca-6d99-4f80-9f1b-3aa7f8392e22,6e7eeb39-c0dc-448d-b595-297a3041c17a,684fe452-1524-459c-a4be-18fe9ba17549,158,1,14,17,0b69626a-72f0-4763-b9d2-55451002d909,,reception,neutral,neutral,,,1789430518556,[VISUAL] 0b69626a-72f0-4763-b9d2-55451002d909 Sem atleta identificado reception neutral
1a0506eb-b968-450e-b9ac-87adf91ec9f2,6e7eeb39-c0dc-448d-b595-297a3041c17a,684fe452-1524-459c-a4be-18fe9ba17549,161,1,14,17,0b69626a-72f0-4763-b9d2-55451002d909,b5e5787b-9078-4f5a-b5f5-c6c37faef7ba,attack,point,excellent,,,1789430532350,[VISUAL] 0b69626a-72f0-4763-b9d2-55451002d909 #07 attack excellent
91bca3ce-bc6a-4488-9a75-4d36b37a4fdf,6e7eeb39-c0dc-448d-b595-297a3041c17a,14cb841b-f61c-4d23-9407-256a9d4e831b,164,1,14,18,0b69626a-72f0-4763-b9d2-55451002d909,95139c21-030c-424b-b994-3a1ec5c08fd4,serve,neutral,neutral,,,1789430553749,[VISUAL] 0b69626a-72f0-4763-b9d2-55451002d909 #09 serve neutral
2baf6ecd-b2c7-4405-83b5-b5ab9c269411,6e7eeb39-c0dc-448d-b595-297a3041c17a,14cb841b-f61c-4d23-9407-256a9d4e831b,165,1,14,18,1df68542-fd9a-4794-8afb-fd63936ae052,58f544c9-518f-4c43-9b58-2e710e3dd9d3,reception,neutral,neutral,,,1789430561038,[VISUAL] 1df68542-fd9a-4794-8afb-fd63936ae052 #03 reception neutral
34fe23a0-ca9c-4d26-a68a-4106e5c2de33,6e7eeb39-c0dc-448d-b595-297a3041c17a,14cb841b-f61c-4d23-9407-256a9d4e831b,166,1,14,18,1df68542-fd9a-4794-8afb-fd63936ae052,58f544c9-518f-4c43-9b58-2e710e3dd9d3,attack,error,error,,,1789430566311,[VISUAL] 1df68542-fd9a-4794-8afb-fd63936ae052 #03 attack error
2f994f06-6875-4db2-a4c7-af8844dcba70,6e7eeb39-c0dc-448d-b595-297a3041c17a,8e3160f2-71b9-4ac8-8df3-08b591f7d642,169,1,14,19,0b69626a-72f0-4763-b9d2-55451002d909,95139c21-030c-424b-b994-3a1ec5c08fd4,serve,neutral,neutral,,,1789430584098,[VISUAL] 0b69626a-72f0-4763-b9d2-55451002d909 #09 serve neutral
5b5efa1f-8fee-4f06-84ab-19c77f8e6d79,6e7eeb39-c0dc-448d-b595-297a3041c17a,8e3160f2-71b9-4ac8-8df3-08b591f7d642,170,1,14,19,1df68542-fd9a-4794-8afb-fd63936ae052,,reception,neutral,neutral,,,1789430587525,[VISUAL] 1df68542-fd9a-4794-8afb-fd63936ae052 Sem atleta identificado reception neutral
14b47b8f-1d17-45f2-beff-932421108299,6e7eeb39-c0dc-448d-b595-297a3041c17a,8e3160f2-71b9-4ac8-8df3-08b591f7d642,171,1,14,19,1df68542-fd9a-4794-8afb-fd63936ae052,58f544c9-518f-4c43-9b58-2e710e3dd9d3,attack,neutral,neutral,,,1789430592444,[VISUAL] 1df68542-fd9a-4794-8afb-fd63936ae052 #03 attack neutral
12b48ed1-20d0-4e0c-8ccc-630ce3d9838b,6e7eeb39-c0dc-448d-b595-297a3041c17a,8e3160f2-71b9-4ac8-8df3-08b591f7d642,172,1,14,19,0b69626a-72f0-4763-b9d2-55451002d909,,dig,neutral,neutral,,,1789430596827,[VISUAL] 0b69626a-72f0-4763-b9d2-55451002d909 Sem atleta identificado dig neutral
544e4f57-f968-4e78-955b-5c6f814d064e,6e7eeb39-c0dc-448d-b595-297a3041c17a,8e3160f2-71b9-4ac8-8df3-08b591f7d642,173,1,14,19,0b69626a-72f0-4763-b9d2-55451002d909,141fcf47-32ca-41c8-a4cd-1e0edf878ace,attack,point,excellent,,,1789430603593,[VISUAL] 0b69626a-72f0-4763-b9d2-55451002d909 #12 attack excellent
51bc8e53-e81c-49c1-98f3-8235f58612c0,6e7eeb39-c0dc-448d-b595-297a3041c17a,a0fe224f-ac36-4c57-a8cb-f642676e9a54,176,1,14,20,0b69626a-72f0-4763-b9d2-55451002d909,95139c21-030c-424b-b994-3a1ec5c08fd4,serve,neutral,neutral,,,1789503604329,[VISUAL] 0b69626a-72f0-4763-b9d2-55451002d909 #09 serve neutral
dea08a91-e3b4-467b-8da5-6f71d185e8d4,6e7eeb39-c0dc-448d-b595-297a3041c17a,a0fe224f-ac36-4c57-a8cb-f642676e9a54,177,1,14,20,1df68542-fd9a-4794-8afb-fd63936ae052,89edfb8b-8a87-4442-8cd9-47907da76859,reception,neutral,neutral,,,1789503615026,[VISUAL] 1df68542-fd9a-4794-8afb-fd63936ae052 #04 reception neutral
dc114340-8e04-40a1-acb0-4a464dd12101,6e7eeb39-c0dc-448d-b595-297a3041c17a,a0fe224f-ac36-4c57-a8cb-f642676e9a54,178,1,14,20,1df68542-fd9a-4794-8afb-fd63936ae052,,attack,point,excellent,,,1789503632753,[VISUAL] 1df68542-fd9a-4794-8afb-fd63936ae052 Sem atleta identificado attack excellent
0cea25cd-1a61-4493-882d-baa0c4e011e9,6e7eeb39-c0dc-448d-b595-297a3041c17a,9cde25fc-f5c1-4a63-af61-ec1c347f5244,181,1,15,20,1df68542-fd9a-4794-8afb-fd63936ae052,18e1ff26-1fa6-48ba-84b1-cb8bf9fd3b50,serve,neutral,neutral,,,1789503637920,[VISUAL] 1df68542-fd9a-4794-8afb-fd63936ae052 #02 serve neutral
e65c0278-4040-43ce-bc00-5c23f3fe216c,6e7eeb39-c0dc-448d-b595-297a3041c17a,24b11f39-f316-4220-a022-116945cb2126,184,1,16,20,1df68542-fd9a-4794-8afb-fd63936ae052,18e1ff26-1fa6-48ba-84b1-cb8bf9fd3b50,serve,neutral,neutral,,,1789510828521,[VISUAL] 1df68542-fd9a-4794-8afb-fd63936ae052 #02 serve neutral
b2ce9796-cb56-44be-8284-de36e70aa2f6,6e7eeb39-c0dc-448d-b595-297a3041c17a,24b11f39-f316-4220-a022-116945cb2126,185,1,16,20,0b69626a-72f0-4763-b9d2-55451002d909,b5e5787b-9078-4f5a-b5f5-c6c37faef7ba,reception,neutral,neutral,,,1789510833826,[VISUAL] 0b69626a-72f0-4763-b9d2-55451002d909 #07 reception neutral
dc4f6131-904f-413b-ae2f-0b690175a9e3,6e7eeb39-c0dc-448d-b595-297a3041c17a,24b11f39-f316-4220-a022-116945cb2126,186,1,16,20,0b69626a-72f0-4763-b9d2-55451002d909,,attack,blocked,neutral,,,1789510849462,[VISUAL] 0b69626a-72f0-4763-b9d2-55451002d909 Sem atleta identificado attack neutral
8434a6d0-6f27-4ad4-a21a-340ade7b98da,6e7eeb39-c0dc-448d-b595-297a3041c17a,a2829fc0-557e-46ff-aded-cefe7420d99b,189,1,17,20,1df68542-fd9a-4794-8afb-fd63936ae052,18e1ff26-1fa6-48ba-84b1-cb8bf9fd3b50,serve,neutral,neutral,,,1789510854918,[VISUAL] 1df68542-fd9a-4794-8afb-fd63936ae052 #02 serve neutral
f3514b1f-f0f5-496f-ab20-6482d12ac196,6e7eeb39-c0dc-448d-b595-297a3041c17a,a2829fc0-557e-46ff-aded-cefe7420d99b,190,1,17,20,0b69626a-72f0-4763-b9d2-55451002d909,,reception,neutral,neutral,,,1789510857834,[VISUAL] 0b69626a-72f0-4763-b9d2-55451002d909 Sem atleta identificado reception neutral
4f4761c9-3a92-40ea-b122-7c4a015f7247,6e7eeb39-c0dc-448d-b595-297a3041c17a,a2829fc0-557e-46ff-aded-cefe7420d99b,191,1,17,20,0b69626a-72f0-4763-b9d2-55451002d909,,attack,neutral,neutral,,,1789510861274,[VISUAL] 0b69626a-72f0-4763-b9d2-55451002d909 Sem atleta identificado attack neutral
975afc8b-18c5-43cf-aae7-bda8385699d3,6e7eeb39-c0dc-448d-b595-297a3041c17a,a2829fc0-557e-46ff-aded-cefe7420d99b,192,1,17,20,1df68542-fd9a-4794-8afb-fd63936ae052,,dig,neutral,neutral,,,1789510862549,[VISUAL] 1df68542-fd9a-4794-8afb-fd63936ae052 Sem atleta identificado dig neutral
755f6d9d-0e99-4c9d-965d-c7b48b2d9571,6e7eeb39-c0dc-448d-b595-297a3041c17a,a2829fc0-557e-46ff-aded-cefe7420d99b,193,1,17,20,1df68542-fd9a-4794-8afb-fd63936ae052,65444b38-1d8f-461b-a523-d3af39b2ead2,attack,point,excellent,,,1789510869561,[VISUAL] 1df68542-fd9a-4794-8afb-fd63936ae052 #01 attack excellent
d6d37632-8ad0-48c8-b612-acd2f12a922d,6e7eeb39-c0dc-448d-b595-297a3041c17a,7e578d7b-dd08-4184-89a1-50a9e6ff99eb,196,1,18,20,1df68542-fd9a-4794-8afb-fd63936ae052,18e1ff26-1fa6-48ba-84b1-cb8bf9fd3b50,serve,error,error,,,1789510877222,[VISUAL] 1df68542-fd9a-4794-8afb-fd63936ae052 #02 serve error
d6f6a0c4-03bf-419c-a926-46e946b53d7c,6e7eeb39-c0dc-448d-b595-297a3041c17a,b7642274-4255-4c3d-b5d0-68ea7f699fde,199,1,18,21,0b69626a-72f0-4763-b9d2-55451002d909,5cb32d40-5748-4320-bfbe-869cebd5dded,serve,neutral,neutral,,,1789510882150,[VISUAL] 0b69626a-72f0-4763-b9d2-55451002d909 #10 serve neutral
287bc31f-834c-43b0-88dd-da4d3060b7bc,6e7eeb39-c0dc-448d-b595-297a3041c17a,b7642274-4255-4c3d-b5d0-68ea7f699fde,200,1,18,21,1df68542-fd9a-4794-8afb-fd63936ae052,,reception,neutral,neutral,,,1789510884059,[VISUAL] 1df68542-fd9a-4794-8afb-fd63936ae052 Sem atleta identificado reception neutral
ddd369da-b222-4669-81f0-7de4c2befa3b,6e7eeb39-c0dc-448d-b595-297a3041c17a,b7642274-4255-4c3d-b5d0-68ea7f699fde,201,1,18,21,1df68542-fd9a-4794-8afb-fd63936ae052,58f544c9-518f-4c43-9b58-2e710e3dd9d3,attack,point,neutral,,,1789510900252,[VISUAL] 1df68542-fd9a-4794-8afb-fd63936ae052 #03 attack neutral
a7fec682-167c-4dbc-9434-2238e31cb9ee,6e7eeb39-c0dc-448d-b595-297a3041c17a,300a7e89-f928-4b77-b87e-d176d9ce2635,204,1,19,21,1df68542-fd9a-4794-8afb-fd63936ae052,5338990d-a94c-414b-9fbc-bd273efd5aa5,serve,neutral,neutral,,,1789510906002,[VISUAL] 1df68542-fd9a-4794-8afb-fd63936ae052 #14 serve neutral
d25c6d28-4c10-42ba-aa52-9e37505a3576,6e7eeb39-c0dc-448d-b595-297a3041c17a,300a7e89-f928-4b77-b87e-d176d9ce2635,205,1,19,21,0b69626a-72f0-4763-b9d2-55451002d909,,reception,neutral,neutral,,,1789510909670,[VISUAL] 0b69626a-72f0-4763-b9d2-55451002d909 Sem atleta identificado reception neutral
306612f0-4581-4e6f-8fb2-876110df7e48,6e7eeb39-c0dc-448d-b595-297a3041c17a,300a7e89-f928-4b77-b87e-d176d9ce2635,206,1,19,21,0b69626a-72f0-4763-b9d2-55451002d909,,free_ball,neutral,neutral,,,1789510918246,[VISUAL] 0b69626a-72f0-4763-b9d2-55451002d909 Sem atleta identificado free_ball neutral
4ea7d1b5-4f52-45d2-9baa-70840f2d777d,6e7eeb39-c0dc-448d-b595-297a3041c17a,300a7e89-f928-4b77-b87e-d176d9ce2635,207,1,19,21,1df68542-fd9a-4794-8afb-fd63936ae052,,dig,neutral,neutral,,,1789510919996,[VISUAL] 1df68542-fd9a-4794-8afb-fd63936ae052 Sem atleta identificado dig neutral
66a01652-5759-4f4a-8edc-e166e221fb3f,6e7eeb39-c0dc-448d-b595-297a3041c17a,300a7e89-f928-4b77-b87e-d176d9ce2635,208,1,19,21,1df68542-fd9a-4794-8afb-fd63936ae052,74d321c7-d2cd-4467-8755-d401df25fc73,attack,point,excellent,,,1789510929891,[VISUAL] 1df68542-fd9a-4794-8afb-fd63936ae052 #05 attack excellent
a39a68ae-f6e4-44f7-b1c1-109d8a0c67f6,6e7eeb39-c0dc-448d-b595-297a3041c17a,6ad569de-d3cf-43f1-bdec-a545db8af55a,211,1,20,21,1df68542-fd9a-4794-8afb-fd63936ae052,5338990d-a94c-414b-9fbc-bd273efd5aa5,serve,neutral,neutral,,,1789510934150,[VISUAL] 1df68542-fd9a-4794-8afb-fd63936ae052 #14 serve neutral
59519fdb-c73c-4d39-9b63-b23212f2cc1a,6e7eeb39-c0dc-448d-b595-297a3041c17a,6ad569de-d3cf-43f1-bdec-a545db8af55a,212,1,20,21,0b69626a-72f0-4763-b9d2-55451002d909,,reception,neutral,neutral,,,1789510936095,[VISUAL] 0b69626a-72f0-4763-b9d2-55451002d909 Sem atleta identificado reception neutral
53fb61a0-c958-4e0c-bd10-aa9fe958176a,6e7eeb39-c0dc-448d-b595-297a3041c17a,6ad569de-d3cf-43f1-bdec-a545db8af55a,213,1,20,21,0b69626a-72f0-4763-b9d2-55451002d909,175252b9-d4c9-4bca-9f45-b463b3672131,attack,point,excellent,,,1789510941268,[VISUAL] 0b69626a-72f0-4763-b9d2-55451002d909 #11 attack excellent
2be6e37a-8951-446a-8829-3d51b26876d8,6e7eeb39-c0dc-448d-b595-297a3041c17a,381c791a-ca40-476b-925f-49bd32faad6e,216,1,20,22,0b69626a-72f0-4763-b9d2-55451002d909,175252b9-d4c9-4bca-9f45-b463b3672131,serve,ace,excellent,,,1789510946829,[VISUAL] 0b69626a-72f0-4763-b9d2-55451002d909 #11 serve excellent
99420c8c-5b94-4309-af27-bcb0ca274a87,6e7eeb39-c0dc-448d-b595-297a3041c17a,604bdaae-81ee-4173-a68a-02f308f3bdd9,219,1,20,23,0b69626a-72f0-4763-b9d2-55451002d909,175252b9-d4c9-4bca-9f45-b463b3672131,serve,neutral,neutral,,,1789510951248,[VISUAL] 0b69626a-72f0-4763-b9d2-55451002d909 #11 serve neutral
3c94adb3-f7ad-448e-9188-70f9706f824a,6e7eeb39-c0dc-448d-b595-297a3041c17a,604bdaae-81ee-4173-a68a-02f308f3bdd9,220,1,20,23,1df68542-fd9a-4794-8afb-fd63936ae052,74d321c7-d2cd-4467-8755-d401df25fc73,reception,neutral,neutral,,,1789510956517,[VISUAL] 1df68542-fd9a-4794-8afb-fd63936ae052 #05 reception neutral
652fe3c5-37bc-457b-b334-c0d6fbf3fc93,6e7eeb39-c0dc-448d-b595-297a3041c17a,604bdaae-81ee-4173-a68a-02f308f3bdd9,221,1,20,23,1df68542-fd9a-4794-8afb-fd63936ae052,65444b38-1d8f-461b-a523-d3af39b2ead2,attack,neutral,neutral,,,1789510965811,[VISUAL] 1df68542-fd9a-4794-8afb-fd63936ae052 #01 attack neutral
f37283a1-e1d7-4dc1-b4ec-e5dc7fbbc683,6e7eeb39-c0dc-448d-b595-297a3041c17a,604bdaae-81ee-4173-a68a-02f308f3bdd9,222,1,20,23,0b69626a-72f0-4763-b9d2-55451002d909,,dig,neutral,neutral,,,1789510970888,[VISUAL] 0b69626a-72f0-4763-b9d2-55451002d909 Sem atleta identificado dig neutral
f54ef477-106c-4a83-aa31-c6aad0eeef85,6e7eeb39-c0dc-448d-b595-297a3041c17a,604bdaae-81ee-4173-a68a-02f308f3bdd9,223,1,20,23,0b69626a-72f0-4763-b9d2-55451002d909,,attack,neutral,neutral,,,1789510973052,[VISUAL] 0b69626a-72f0-4763-b9d2-55451002d909 Sem atleta identificado attack neutral
feed89ff-237a-4598-98a0-174c6e52f5d5,6e7eeb39-c0dc-448d-b595-297a3041c17a,604bdaae-81ee-4173-a68a-02f308f3bdd9,224,1,20,23,1df68542-fd9a-4794-8afb-fd63936ae052,65444b38-1d8f-461b-a523-d3af39b2ead2,free_ball,neutral,neutral,,,1789510980594,[VISUAL] 1df68542-fd9a-4794-8afb-fd63936ae052 #01 free_ball neutral
bb40867e-c74b-4b0d-85c7-c04e3ffb7a18,6e7eeb39-c0dc-448d-b595-297a3041c17a,604bdaae-81ee-4173-a68a-02f308f3bdd9,225,1,20,23,0b69626a-72f0-4763-b9d2-55451002d909,,dig,neutral,neutral,,,1789510983368,[VISUAL] 0b69626a-72f0-4763-b9d2-55451002d909 Sem atleta identificado dig neutral
66675eef-6a6f-4535-a676-b6525749e0a0,6e7eeb39-c0dc-448d-b595-297a3041c17a,604bdaae-81ee-4173-a68a-02f308f3bdd9,226,1,20,23,0b69626a-72f0-4763-b9d2-55451002d909,257f0f7e-afe6-4e20-b7e3-aa6892cea46e,attack,point,excellent,,,1789510990379,[VISUAL] 0b69626a-72f0-4763-b9d2-55451002d909 #08 attack excellent
77e447f3-b3b3-4c4f-abd4-22ef833a781b,6e7eeb39-c0dc-448d-b595-297a3041c17a,7569005c-d2a4-48dd-a3d6-7867bc8abaa3,229,1,20,24,0b69626a-72f0-4763-b9d2-55451002d909,175252b9-d4c9-4bca-9f45-b463b3672131,serve,neutral,neutral,,,1789510995976,[VISUAL] 0b69626a-72f0-4763-b9d2-55451002d909 #11 serve neutral
63621e55-8fdf-4e2a-abb5-fcc8fb99105b,6e7eeb39-c0dc-448d-b595-297a3041c17a,7569005c-d2a4-48dd-a3d6-7867bc8abaa3,230,1,20,24,1df68542-fd9a-4794-8afb-fd63936ae052,89edfb8b-8a87-4442-8cd9-47907da76859,free_ball,neutral,neutral,,,1789511002422,[VISUAL] 1df68542-fd9a-4794-8afb-fd63936ae052 #04 free_ball neutral
9e828203-914b-441c-9797-a0c3616089b7,6e7eeb39-c0dc-448d-b595-297a3041c17a,7569005c-d2a4-48dd-a3d6-7867bc8abaa3,231,1,20,24,0b69626a-72f0-4763-b9d2-55451002d909,,dig,neutral,neutral,,,1789511004660,[VISUAL] 0b69626a-72f0-4763-b9d2-55451002d909 Sem atleta identificado dig neutral
9dfec100-7985-4a7f-8cbf-5880682540c4,6e7eeb39-c0dc-448d-b595-297a3041c17a,7569005c-d2a4-48dd-a3d6-7867bc8abaa3,232,1,20,24,0b69626a-72f0-4763-b9d2-55451002d909,257f0f7e-afe6-4e20-b7e3-aa6892cea46e,attack,point,excellent,,,1789511010795,[VISUAL] 0b69626a-72f0-4763-b9d2-55451002d909 #08 attack excellent